<?xml version="1.0" encoding="UTF-8" standalone="yes"?>
<addon id="repository.jollyroger" name="Jolly Roger" version="1.0" provider-name="DrPickleRick">
    <extension point="xbmc.addon.repository" name="Example Repository">
        <dir>
            <info compressed="false">https://raw.githubusercontent.com/JollyRoger1718/zips/main/addons.xml</info>
            <checksum>https://raw.githubusercontent.com/JollyRoger1718/zips/main/addons.xml.md5</checksum>
            <datadir zip="true">https://raw.githubusercontent.com/JollyRoger1718/zips/main/</datadir>
        </dir>
    </extension>
    <extension point="xbmc.addon.metadata">
        <summary>Toms Repository</summary>
        <description>Gives You Access To The Jolly Roger Build!</description>
        <disclaimer></disclaimer>
        <platform>all</platform>
        <assets>
            <icon>icon.png</icon>
            <fanart>fanart.jpg</fanart>
        </assets>
    </extension>
</addon>
